FontID,Designer,FontName
714d3be8-859b-4fef-81d7-bbcd77f9cc60,Lin Han,缅甸傣族字ZG
e0de518b-b069-4cf5-b762-2a1a4f3f4320,tout pi,Transformer Zawgyi
2b2e7529-b0cd-4f85-8be3-19f03ab8199f,方正字库,秦鹏体
9d3f45cd-9088-4506-8402-15806f655ef4,方正字库,阿力楷书体
b895de46-2ea7-49a0-92d6-0baecebfbfea,方正字库,方正润扁宋简体
cd6bf3f3-55fc-4bac-a149-7507141fd84f,方正字库,方正平和体
de7ff707-b5ff-440d-94b0-90727d10d238,方正字库,自由体
e1f7b036-8db6-4770-af7d-2fed9912baed,方正字库,方正清刻本悦宋体
e87d9a75-378d-43c7-9f2a-bfb3687d059d,方正字库,方正徐冰新英文书体
10cfe615-5156-4d9e-8207-b7f177da3d6a,汉仪字库,汉仪旗黑50（舒适阅读版）
1ccc87a4-6237-45d0-97d7-5d97235a73c8,汉仪字库,汉仪娃娃篆体
3e26ad6a-ccfc-4abd-bca8-fb848550b3e8,汉仪字库,羿创咩咩体
43161ed7-e91a-4de6-a3fb-cd6fc9c79d6e,汉仪字库,汉仪良品线粗体
43896bb4-67d3-4387-b3dd-323028f3e6c3,汉仪字库,汉仪蝶语体简
61ce0fa9-78f0-4e49-a1e2-bc46c147fe0a,汉仪字库,汉仪猴嗨森简
85e6e612-58cc-4edd-b8eb-ee551dbe58d1,汉仪字库,汉仪细中圆简体
86ca593a-48ce-4d5f-83d8-cfa509393feb,汉仪字库,汉仪凌波体简
9225aa9f-3b74-4169-98f6-dcfbacb8c7dd,汉仪字库,羿创追爱体
944a9aaa-85b3-4539-8a70-ed9e5dcbb801,汉仪字库,羿创咩咩体
bb056869-2423-4687-b525-eecacbed29e0,汉仪字库,汉仪瘦金书
aa1af9e1-7d81-4047-ad91-3717a6cb9299,华文公司,华文楷体
0a92d14d-7a37-4deb-a90d-894028521371,米开字库,米开潇洒情书体
61baee90-d913-4f5f-b6e5-432d3b069b28,米开字库,米开标准行书
ab8ba52f-f1b3-496a-918e-8c7f6353f659,米开字库,米开静心禅楷
add2f609-0a54-42be-a444-cce1cf75f330,米开字库,米开青苹果
bf19ed07-3b38-4a93-905a-ea0c8e277783,米开字库,米开毛笔隶书
bf905eac-2da4-44d2-b57f-925e3e437664,米开字库,米开飘逸行楷
00806d75-3160-4c52-8570-5899fb09a65b,杨伟,云字库中长宋
01b0e435-cace-42c0-a83b-5d4998a603e8,杨伟,锐字工房云字库黑体
0df155ca-14a9-4a5a-855a-b8c119058015,杨伟,锐字工房云字库水柱
104fca7a-3c52-448b-b1a7-40b95a717c21,杨伟,锐字工房云字库超黑
11183e53-9c2a-4726-ad20-34965eebdc5c,杨伟,锐字工房云字库姚体
1e20befb-51bd-4579-b08a-7a09ed77c3c6,杨伟,锐字工房云字库行草
27628efe-da53-4675-ac36-45f0de4de7f7,杨伟,锐字工房云字库锐倩
3393ca10-a56c-42dd-b3bc-f10dfccb9ed7,杨伟,锐字工房云字库彩云
3694b825-3fac-45fd-8722-90ae8b76ebad,杨伟,锐字工房云字库隶书
383f5797-db7b-4b71-83f4-1a6c8a5f3e57,杨伟,云字库锐宋粗
3c10f33b-f699-4482-a3a7-c24cf5ce5a83,杨伟,逼格锐线体简
4293147e-239b-4bd7-b5e1-eb52fffe20c4,杨伟,锐字锐线极限黑简
460eb61e-032b-4755-bebc-1314269091e6,杨伟,锐字工房云字库行楷
4ae771e0-698e-465c-b1fc-602a77fa695f,杨伟,锐字工房荣光黑简
4cba533e-5971-4dd7-af59-9eeb399a7df7,杨伟,云字库中等线
4ff28eb2-f126-4aff-b1e7-3550a50f2945,杨伟,云字库小标宋
589679bf-8d9f-408e-b3d2-2f27a54e93f7,杨伟,锐字工房云字库书宋
590d05d3-ff1b-44db-88f7-ed965eb07911,杨伟,锐字工房云字库粗圆
5e0d9dcc-5446-457c-8fbf-60bb2b3573d5,杨伟,锐字工房云字库综艺
61d9d73d-2eae-4a0c-bdba-5a441308ac6c,杨伟,锐字工房巅峰粗黑简
6542be74-892b-46c1-86b0-13535fe2cb93,杨伟,锐字工房云字库超粗
68af726e-17e1-4cbd-aa83-7699494f336b,杨伟,锐字逼格锐线粗体简
77827825-cc96-4320-b47f-d92f07342748,杨伟,锐字工房云字库粗黑
7f17236f-dac8-4a74-8586-73d73b4ef46f,杨伟,锐字工房云字库准圆
84047d74-f412-477b-92b8-0b3b482426f3,杨伟,云字库胖头鱼
97840860-d1ed-499b-830d-4ff08a281fe0,杨伟,锐字锐线俏皮简
9f4150fd-5702-4fe3-8fe9-6c4c2649cbce,杨伟,锐字工房绽放黑简
a0275b99-f57a-4c9b-ac8d-0218b4cc6077,杨伟,锐字工房云字库仿宋
ad3cb786-76b3-42bc-b80e-9c0bdb5d670d,杨伟,逼格青春体
b0e3886c-0037-4e3c-82b3-f9aa721a8f3e,杨伟,云字库细黑体
bda4724d-f1dd-4e3d-bab0-e8972d56d9b9,杨伟,锐字工房云字库细圆
c30a4688-a7aa-43af-9194-f279f25b1282,杨伟,云字库锐黑粗
c5057581-80a0-4b97-89c1-f8d6bcedab8a,杨伟,锐字工房云字库舒体
cc437d0e-a30a-4615-b617-0eb6f5ed90fe,杨伟,锐字工房云字库楷体
d2abd86f-7c99-4498-b1ae-b16ff6f88cb1,杨伟,锐线梦想黑
d831d026-f955-42b9-af14-69bd9d1ce807,杨伟,锐字工房云字库宋黑
db870539-f0bf-4279-a5cf-87c3e08c1119,杨伟,锐字工房云字库魏体
e02ff356-54e1-4a71-9928-7104c74cc8df,杨伟,锐字云字库大黑体
e4839e83-ef4d-4ecf-8702-f3256ea3495b,杨伟,锐字工房云字库锐宋
eaae98b1-0e98-4e18-ab8c-a7ea818ef7ce,杨伟,锐字工房云字库美黑
ebe05a0b-0fd9-4434-a9e2-bff4905f7400,杨伟,锐字工房云字库隶变
f17ee57c-31bc-4236-b40d-fd16fa7bcb74,杨伟,锐字锐线怒放黑简
f475b315-67e9-4d32-a6aa-1d97592f1219,杨伟,云字库大标宋
f70bab10-ef19-41fe-9a18-50975f761016,杨伟,锐字工房云字库琥珀
10b0a917-e0d3-403f-8a34-1207af9dca96,叶根友,叶根友千秋体
200b2801-043f-4d4a-a312-69d9e7809f7f,于洪亮,米开于洪亮秀秀体
36bc580f-9700-4afe-8042-795662d0d5fd,于洪亮,于洪亮钢笔行楷
9be35941-d636-4dad-af6b-c9adcfc2ccb3,于洪亮,于洪亮楷书加粗版8
ab0a2582-56b1-4b24-9042-7aca05ce3846,于洪亮,于洪亮毛笔隶书
f011fde5-6add-4a03-a67c-3c43d6f60db0,于洪亮,于洪亮秀美行书
4a2cb573-da52-4a82-bb82-63cefe2d949c,字咖,为了忘却的纪念
95562e4a-0f67-4476-b9b9-045caa3a58f5,字咖,电影时光
20ebaa6d-e41b-4b6b-9029-98b4ed70451c,字咖工作室,恐怖怪物体
3d0ff043-7275-4924-95be-660db6320781,字咖工作室,细圆黑体
3e782a7a-5848-4713-88cc-a72ca58584a1,字咖工作室,落叶体
451f6ebf-6f3b-4550-abc7-a585ca17892c,字咖工作室,愚人节体
570a7501-ec31-4a9e-a33d-ba719ce996fe,字咖工作室,万花筒体
b8bfda20-7d47-46ce-a5d1-b0662f954635,字咖工作室,情人节体
e3645f7f-9694-4f1a-92b4-6eaaaf4fdfa8,字咖工作室,单身男女体
